person_id,distorted_img,reference_id,similarity,label
129_frontal,129_frontal_sunny.jpg,129_frontal,0.21704087,1
129_frontal,129_frontal_resized.jpg,129_frontal,0.9971857,1
129_frontal,129_frontal_resized.jpg,026_frontal,0.23716965,0
129_frontal,129_frontal_rainy.jpg,129_frontal,0.91041553,1
129_frontal,129_frontal_noisy.jpg,129_frontal,0.96052504,1
129_frontal,129_frontal_lowlight.jpg,129_frontal,0.95843875,1
129_frontal,129_frontal_lowlight.jpg,090_frontal,0.31330228,0
129_frontal,129_frontal_foggy.jpg,129_frontal,0.9699259,1
129_frontal,129_frontal_foggy.jpg,048_frontal,-0.012494739,0
129_frontal,129_frontal_foggy.jpg,119_frontal,0.25022632,0
129_frontal,129_frontal_blurred.jpg,129_frontal,0.9921842,1
128_frontal,128_frontal_resized.jpg,128_frontal,0.99593043,1
128_frontal,128_frontal_resized.jpg,043_frontal,0.015417483,0
128_frontal,128_frontal_rainy.jpg,128_frontal,0.885352,1
128_frontal,128_frontal_noisy.jpg,128_frontal,0.93885094,1
128_frontal,128_frontal_noisy.jpg,096_frontal,0.18151006,0
128_frontal,128_frontal_lowlight.jpg,128_frontal,0.9492117,1
128_frontal,128_frontal_lowlight.jpg,020_frontal,0.37161323,0
128_frontal,128_frontal_foggy.jpg,128_frontal,0.93190527,1
128_frontal,128_frontal_blurred.jpg,128_frontal,0.99150205,1
125_frontal,125_frontal_resized.jpg,125_frontal,0.99811405,1
125_frontal,125_frontal_rainy.jpg,125_frontal,0.8985453,1
125_frontal,125_frontal_noisy.jpg,125_frontal,0.9439232,1
125_frontal,125_frontal_noisy.jpg,029_frontal,-0.023230998,0
125_frontal,125_frontal_noisy.jpg,110_frontal,-0.023081861,0
125_frontal,125_frontal_lowlight.jpg,125_frontal,0.91875505,1
125_frontal,125_frontal_foggy.jpg,125_frontal,0.94645226,1
125_frontal,125_frontal_blurred.jpg,125_frontal,0.9919585,1
124_frontal,124_frontal_sunny.jpg,124_frontal,0.2286815,1
124_frontal,124_frontal_sunny.jpg,059_frontal,-0.09697223,0
124_frontal,124_frontal_resized.jpg,124_frontal,0.99528456,1
124_frontal,124_frontal_resized.jpg,066_frontal,-0.0031559924,0
124_frontal,124_frontal_resized.jpg,096_frontal,0.11373506,0
124_frontal,124_frontal_rainy.jpg,124_frontal,0.91370285,1
124_frontal,124_frontal_rainy.jpg,096_frontal,0.054242425,0
124_frontal,124_frontal_noisy.jpg,124_frontal,0.9727838,1
124_frontal,124_frontal_noisy.jpg,089_frontal,0.025865855,0
124_frontal,124_frontal_lowlight.jpg,124_frontal,0.9486692,1
124_frontal,124_frontal_foggy.jpg,124_frontal,0.9420846,1
124_frontal,124_frontal_blurred.jpg,124_frontal,0.99648774,1
123_frontal,123_frontal_resized.jpg,123_frontal,0.9975062,1
123_frontal,123_frontal_resized.jpg,012_frontal,0.03173008,0
123_frontal,123_frontal_rainy.jpg,123_frontal,0.8058964,1
123_frontal,123_frontal_noisy.jpg,123_frontal,0.91170424,1
123_frontal,123_frontal_noisy.jpg,099_frontal,0.302132,0
123_frontal,123_frontal_lowlight.jpg,123_frontal,0.9337019,1
123_frontal,123_frontal_foggy.jpg,123_frontal,0.9129361,1
123_frontal,123_frontal_blurred.jpg,123_frontal,0.99742305,1
123_frontal,123_frontal_blurred.jpg,095_frontal,0.06384032,0
122_frontal,122_frontal_resized.jpg,122_frontal,0.9987214,1
122_frontal,122_frontal_rainy.jpg,122_frontal,0.9192132,1
122_frontal,122_frontal_rainy.jpg,019_frontal,-0.2723519,0
122_frontal,122_frontal_noisy.jpg,122_frontal,0.97270447,1
122_frontal,122_frontal_lowlight.jpg,122_frontal,0.9727515,1
122_frontal,122_frontal_lowlight.jpg,082_frontal,-0.08033727,0
122_frontal,122_frontal_lowlight.jpg,106_frontal,-0.10560245,0
122_frontal,122_frontal_foggy.jpg,122_frontal,0.9650425,1
122_frontal,122_frontal_blurred.jpg,122_frontal,0.99824554,1
122_frontal,122_frontal_blurred.jpg,030_frontal,0.018649228,0
121_frontal,121_frontal_resized.jpg,121_frontal,0.99493194,1
121_frontal,121_frontal_rainy.jpg,121_frontal,0.8971868,1
121_frontal,121_frontal_noisy.jpg,121_frontal,0.9357579,1
121_frontal,121_frontal_noisy.jpg,065_frontal,0.1739091,0
121_frontal,121_frontal_lowlight.jpg,121_frontal,0.94560426,1
121_frontal,121_frontal_foggy.jpg,121_frontal,0.9590927,1
121_frontal,121_frontal_blurred.jpg,121_frontal,0.9960761,1
121_frontal,121_frontal_blurred.jpg,103_frontal,0.16982032,0
119_frontal,119_frontal_resized.jpg,119_frontal,0.9948056,1
119_frontal,119_frontal_rainy.jpg,119_frontal,0.8266486,1
119_frontal,119_frontal_rainy.jpg,089_frontal,0.11533126,0
119_frontal,119_frontal_noisy.jpg,119_frontal,0.9007262,1
119_frontal,119_frontal_lowlight.jpg,119_frontal,0.92720973,1
119_frontal,119_frontal_foggy.jpg,119_frontal,0.88356936,1
119_frontal,119_frontal_blurred.jpg,119_frontal,0.9947454,1
118_frontal,118_frontal_resized.jpg,118_frontal,0.995587,1
118_frontal,118_frontal_rainy.jpg,118_frontal,0.8535368,1
118_frontal,118_frontal_rainy.jpg,027_frontal,0.31070822,0
118_frontal,118_frontal_noisy.jpg,118_frontal,0.9267777,1
118_frontal,118_frontal_noisy.jpg,021_frontal,-0.07241237,0
118_frontal,118_frontal_lowlight.jpg,118_frontal,0.9455881,1
118_frontal,118_frontal_foggy.jpg,118_frontal,0.9488724,1
118_frontal,118_frontal_foggy.jpg,095_frontal,0.116449706,0
118_frontal,118_frontal_blurred.jpg,118_frontal,0.99413943,1
117_frontal,117_frontal_resized.jpg,117_frontal,0.99426425,1
117_frontal,117_frontal_rainy.jpg,117_frontal,0.8537449,1
117_frontal,117_frontal_noisy.jpg,117_frontal,0.9374391,1
117_frontal,117_frontal_noisy.jpg,110_frontal,0.25373167,0
117_frontal,117_frontal_lowlight.jpg,117_frontal,0.95490396,1
117_frontal,117_frontal_foggy.jpg,117_frontal,0.9499142,1
117_frontal,117_frontal_foggy.jpg,092_frontal,0.3502124,0
117_frontal,117_frontal_blurred.jpg,117_frontal,0.9971979,1
115_frontal,115_frontal_resized.jpg,115_frontal,0.9984852,1
115_frontal,115_frontal_rainy.jpg,115_frontal,0.9644104,1
115_frontal,115_frontal_noisy.jpg,115_frontal,0.9871576,1
115_frontal,115_frontal_lowlight.jpg,115_frontal,0.9632197,1
115_frontal,115_frontal_lowlight.jpg,051_frontal,0.17110205,0
115_frontal,115_frontal_foggy.jpg,115_frontal,0.9453391,1
115_frontal,115_frontal_blurred.jpg,115_frontal,0.9969553,1
114_frontal,114_frontal_resized.jpg,114_frontal,0.9973373,1
114_frontal,114_frontal_rainy.jpg,114_frontal,0.924555,1
114_frontal,114_frontal_noisy.jpg,114_frontal,0.984004,1
114_frontal,114_frontal_lowlight.jpg,114_frontal,0.979323,1
114_frontal,114_frontal_lowlight.jpg,095_frontal,-0.030974045,0
114_frontal,114_frontal_lowlight.jpg,118_frontal,0.5219972,0
114_frontal,114_frontal_foggy.jpg,114_frontal,0.96747595,1
114_frontal,114_frontal_blurred.jpg,114_frontal,0.99829036,1
113_frontal,113_frontal_resized.jpg,113_frontal,0.9980954,1
113_frontal,113_frontal_rainy.jpg,113_frontal,0.9597179,1
113_frontal,113_frontal_noisy.jpg,113_frontal,0.9896604,1
113_frontal,113_frontal_lowlight.jpg,113_frontal,0.966154,1
113_frontal,113_frontal_lowlight.jpg,027_frontal,-0.061209884,0
113_frontal,113_frontal_foggy.jpg,113_frontal,0.96071005,1
113_frontal,113_frontal_blurred.jpg,113_frontal,0.99545664,1
113_frontal,113_frontal_blurred.jpg,055_frontal,0.045224413,0
110_frontal,110_frontal_sunny.jpg,110_frontal,0.5091127,1
110_frontal,110_frontal_resized.jpg,110_frontal,0.99672604,1
110_frontal,110_frontal_rainy.jpg,110_frontal,0.8632155,1
110_frontal,110_frontal_noisy.jpg,110_frontal,0.92645526,1
110_frontal,110_frontal_noisy.jpg,045_frontal,-0.023553468,0
110_frontal,110_frontal_lowlight.jpg,110_frontal,0.92312104,1
110_frontal,110_frontal_foggy.jpg,110_frontal,0.88680875,1
110_frontal,110_frontal_blurred.jpg,110_frontal,0.9952076,1
109_frontal,109_frontal_resized.jpg,109_frontal,0.99657285,1
109_frontal,109_frontal_rainy.jpg,109_frontal,0.9373034,1
109_frontal,109_frontal_noisy.jpg,109_frontal,0.9664999,1
109_frontal,109_frontal_lowlight.jpg,109_frontal,0.97417223,1
109_frontal,109_frontal_lowlight.jpg,087_frontal,0.28737375,0
109_frontal,109_frontal_foggy.jpg,109_frontal,0.93146944,1
109_frontal,109_frontal_foggy.jpg,005_frontal,-0.017819831,0
109_frontal,109_frontal_blurred.jpg,109_frontal,0.9958005,1
107_frontal,107_frontal_resized.jpg,107_frontal,0.9967873,1
107_frontal,107_frontal_rainy.jpg,107_frontal,0.8173825,1
107_frontal,107_frontal_noisy.jpg,107_frontal,0.8777554,1
107_frontal,107_frontal_noisy.jpg,096_frontal,0.011983754,0
107_frontal,107_frontal_lowlight.jpg,107_frontal,0.9339877,1
107_frontal,107_frontal_foggy.jpg,107_frontal,0.92644316,1
107_frontal,107_frontal_foggy.jpg,047_frontal,0.03237921,0
107_frontal,107_frontal_blurred.jpg,107_frontal,0.9940042,1
106_frontal,106_frontal_resized.jpg,106_frontal,0.99416596,1
106_frontal,106_frontal_rainy.jpg,106_frontal,0.90201795,1
106_frontal,106_frontal_rainy.jpg,054_frontal,-0.013450215,0
106_frontal,106_frontal_noisy.jpg,106_frontal,0.95105934,1
106_frontal,106_frontal_noisy.jpg,055_frontal,-0.12363645,0
106_frontal,106_frontal_lowlight.jpg,106_frontal,0.9330275,1
106_frontal,106_frontal_lowlight.jpg,021_frontal,-0.09941343,0
106_frontal,106_frontal_foggy.jpg,106_frontal,0.95119643,1
106_frontal,106_frontal_blurred.jpg,106_frontal,0.9951829,1
103_frontal,103_frontal_resized.jpg,103_frontal,0.99868107,1
103_frontal,103_frontal_resized.jpg,020_frontal,0.23575415,0
103_frontal,103_frontal_rainy.jpg,103_frontal,0.84057033,1
103_frontal,103_frontal_noisy.jpg,103_frontal,0.9329231,1
103_frontal,103_frontal_lowlight.jpg,103_frontal,0.92989004,1
103_frontal,103_frontal_lowlight.jpg,119_frontal,0.32983977,0
103_frontal,103_frontal_foggy.jpg,103_frontal,0.8841357,1
103_frontal,103_frontal_blurred.jpg,103_frontal,0.9943917,1
102_frontal,102_frontal_sunny.jpg,102_frontal,0.6612,1
102_frontal,102_frontal_resized.jpg,102_frontal,0.99812084,1
102_frontal,102_frontal_resized.jpg,125_frontal,-0.119296126,0
102_frontal,102_frontal_rainy.jpg,102_frontal,0.9581319,1
102_frontal,102_frontal_noisy.jpg,102_frontal,0.98650694,1
102_frontal,102_frontal_lowlight.jpg,102_frontal,0.96208656,1
102_frontal,102_frontal_foggy.jpg,102_frontal,0.9520407,1
102_frontal,102_frontal_foggy.jpg,029_frontal,-0.05985263,0
102_frontal,102_frontal_blurred.jpg,102_frontal,0.99546945,1
100_frontal,100_frontal_resized.jpg,100_frontal,0.99550605,1
100_frontal,100_frontal_rainy.jpg,100_frontal,0.87796193,1
100_frontal,100_frontal_noisy.jpg,100_frontal,0.9100951,1
100_frontal,100_frontal_noisy.jpg,012_frontal,0.01620502,0
100_frontal,100_frontal_lowlight.jpg,100_frontal,0.96865934,1
100_frontal,100_frontal_foggy.jpg,100_frontal,0.9639759,1
100_frontal,100_frontal_foggy.jpg,001_frontal,0.1997812,0
100_frontal,100_frontal_blurred.jpg,100_frontal,0.99809086,1
099_frontal,099_frontal_resized.jpg,099_frontal,0.99709046,1
099_frontal,099_frontal_rainy.jpg,099_frontal,0.9029883,1
099_frontal,099_frontal_noisy.jpg,099_frontal,0.9741592,1
099_frontal,099_frontal_lowlight.jpg,099_frontal,0.9528427,1
099_frontal,099_frontal_foggy.jpg,099_frontal,0.9539994,1
099_frontal,099_frontal_blurred.jpg,099_frontal,0.99461323,1
096_frontal,096_frontal_sunny.jpg,096_frontal,0.5542938,1
096_frontal,096_frontal_sunny.jpg,124_frontal,0.13452405,0
096_frontal,096_frontal_resized.jpg,096_frontal,0.9966185,1
096_frontal,096_frontal_resized.jpg,038_frontal,0.12425096,0
096_frontal,096_frontal_rainy.jpg,096_frontal,0.94652057,1
096_frontal,096_frontal_noisy.jpg,096_frontal,0.97827715,1
096_frontal,096_frontal_lowlight.jpg,096_frontal,0.96542346,1
096_frontal,096_frontal_lowlight.jpg,036_frontal,0.13558736,0
096_frontal,096_frontal_foggy.jpg,096_frontal,0.9399674,1
096_frontal,096_frontal_blurred.jpg,096_frontal,0.9857522,1
095_frontal,095_frontal_resized.jpg,095_frontal,0.9984868,1
095_frontal,095_frontal_rainy.jpg,095_frontal,0.90777147,1
095_frontal,095_frontal_rainy.jpg,038_frontal,0.18296883,0
095_frontal,095_frontal_noisy.jpg,095_frontal,0.942609,1
095_frontal,095_frontal_lowlight.jpg,095_frontal,0.944965,1
095_frontal,095_frontal_foggy.jpg,095_frontal,0.9011242,1
095_frontal,095_frontal_blurred.jpg,095_frontal,0.9961347,1
094_frontal,094_frontal_resized.jpg,094_frontal,0.99810135,1
094_frontal,094_frontal_rainy.jpg,094_frontal,0.93889546,1
094_frontal,094_frontal_noisy.jpg,094_frontal,0.9724814,1
094_frontal,094_frontal_noisy.jpg,090_frontal,0.24025905,0
094_frontal,094_frontal_lowlight.jpg,094_frontal,0.9496659,1
094_frontal,094_frontal_foggy.jpg,094_frontal,0.94808966,1
094_frontal,094_frontal_blurred.jpg,094_frontal,0.9973824,1
093_frontal,093_frontal_resized.jpg,093_frontal,0.9979666,1
093_frontal,093_frontal_rainy.jpg,093_frontal,0.9219401,1
093_frontal,093_frontal_rainy.jpg,117_frontal,0.015331285,0
093_frontal,093_frontal_noisy.jpg,093_frontal,0.9709476,1
093_frontal,093_frontal_lowlight.jpg,093_frontal,0.95137376,1
093_frontal,093_frontal_foggy.jpg,093_frontal,0.9563579,1
093_frontal,093_frontal_blurred.jpg,093_frontal,0.99705255,1
093_frontal,093_frontal_blurred.jpg,076_frontal,-0.06351879,0
092_frontal,092_frontal_sunny.jpg,092_frontal,0.68057704,1
092_frontal,092_frontal_resized.jpg,092_frontal,0.9984162,1
092_frontal,092_frontal_rainy.jpg,092_frontal,0.9529848,1
092_frontal,092_frontal_noisy.jpg,092_frontal,0.97278345,1
092_frontal,092_frontal_lowlight.jpg,092_frontal,0.966202,1
092_frontal,092_frontal_foggy.jpg,092_frontal,0.96853733,1
092_frontal,092_frontal_foggy.jpg,043_frontal,0.17957135,0
092_frontal,092_frontal_blurred.jpg,092_frontal,0.99798185,1
090_frontal,090_frontal_resized.jpg,090_frontal,0.99800307,1
090_frontal,090_frontal_resized.jpg,113_frontal,0.13041365,0
090_frontal,090_frontal_rainy.jpg,090_frontal,0.9447595,1
090_frontal,090_frontal_noisy.jpg,090_frontal,0.97438246,1
090_frontal,090_frontal_lowlight.jpg,090_frontal,0.95926255,1
090_frontal,090_frontal_foggy.jpg,090_frontal,0.9372792,1
090_frontal,090_frontal_blurred.jpg,090_frontal,0.9969137,1
089_frontal,089_frontal_resized.jpg,089_frontal,0.99600816,1
089_frontal,089_frontal_rainy.jpg,089_frontal,0.9245561,1
089_frontal,089_frontal_noisy.jpg,089_frontal,0.9550649,1
089_frontal,089_frontal_lowlight.jpg,089_frontal,0.9746015,1
089_frontal,089_frontal_lowlight.jpg,001_frontal,-0.21049735,0
089_frontal,089_frontal_foggy.jpg,089_frontal,0.95771086,1
089_frontal,089_frontal_foggy.jpg,002_frontal,-0.2789807,0
089_frontal,089_frontal_blurred.jpg,089_frontal,0.9949878,1
088_frontal,088_frontal_sunny.jpg,088_frontal,0.5787072,1
088_frontal,088_frontal_resized.jpg,088_frontal,0.9994209,1
088_frontal,088_frontal_rainy.jpg,088_frontal,0.90020084,1
088_frontal,088_frontal_noisy.jpg,088_frontal,0.9676136,1
088_frontal,088_frontal_lowlight.jpg,088_frontal,0.91449386,1
088_frontal,088_frontal_foggy.jpg,088_frontal,0.9426315,1
088_frontal,088_frontal_blurred.jpg,088_frontal,0.9951594,1
087_frontal,087_frontal_resized.jpg,087_frontal,0.9937402,1
087_frontal,087_frontal_resized.jpg,027_frontal,0.064249806,0
087_frontal,087_frontal_rainy.jpg,087_frontal,0.88673735,1
087_frontal,087_frontal_noisy.jpg,087_frontal,0.9562808,1
087_frontal,087_frontal_lowlight.jpg,087_frontal,0.96290296,1
087_frontal,087_frontal_foggy.jpg,087_frontal,0.95987356,1
087_frontal,087_frontal_blurred.jpg,087_frontal,0.99771196,1
087_frontal,087_frontal_blurred.jpg,115_frontal,-0.3261298,0
086_frontal,086_frontal_resized.jpg,086_frontal,0.99510914,1
086_frontal,086_frontal_rainy.jpg,086_frontal,0.86103386,1
086_frontal,086_frontal_noisy.jpg,086_frontal,0.92368007,1
086_frontal,086_frontal_lowlight.jpg,086_frontal,0.9719782,1
086_frontal,086_frontal_lowlight.jpg,045_frontal,0.41260386,0
086_frontal,086_frontal_foggy.jpg,086_frontal,0.92121375,1
086_frontal,086_frontal_blurred.jpg,086_frontal,0.9963666,1
085_frontal,085_frontal_sunny.jpg,085_frontal,0.5583291,1
085_frontal,085_frontal_resized.jpg,085_frontal,0.99552846,1
085_frontal,085_frontal_rainy.jpg,085_frontal,0.8998797,1
085_frontal,085_frontal_noisy.jpg,085_frontal,0.94631314,1
085_frontal,085_frontal_lowlight.jpg,085_frontal,0.9441927,1
085_frontal,085_frontal_foggy.jpg,085_frontal,0.95080364,1
085_frontal,085_frontal_blurred.jpg,085_frontal,0.99569446,1
082_frontal,082_frontal_sunny.jpg,082_frontal,0.35497922,1
082_frontal,082_frontal_resized.jpg,082_frontal,0.9941342,1
082_frontal,082_frontal_rainy.jpg,082_frontal,0.9001008,1
082_frontal,082_frontal_rainy.jpg,113_frontal,0.17917302,0
082_frontal,082_frontal_noisy.jpg,082_frontal,0.97113985,1
082_frontal,082_frontal_lowlight.jpg,082_frontal,0.9560447,1
082_frontal,082_frontal_foggy.jpg,082_frontal,0.8967374,1
082_frontal,082_frontal_blurred.jpg,082_frontal,0.9936917,1
081_frontal,081_frontal_resized.jpg,081_frontal,0.99804175,1
081_frontal,081_frontal_rainy.jpg,081_frontal,0.9284603,1
081_frontal,081_frontal_noisy.jpg,081_frontal,0.9682899,1
081_frontal,081_frontal_lowlight.jpg,081_frontal,0.93108606,1
081_frontal,081_frontal_lowlight.jpg,114_frontal,-0.1559098,0
081_frontal,081_frontal_foggy.jpg,081_frontal,0.9154862,1
081_frontal,081_frontal_foggy.jpg,020_frontal,0.040460944,0
081_frontal,081_frontal_blurred.jpg,081_frontal,0.9968153,1
076_frontal,076_frontal_sunny.jpg,076_frontal,-0.16599573,1
076_frontal,076_frontal_resized.jpg,076_frontal,0.99670476,1
076_frontal,076_frontal_rainy.jpg,076_frontal,0.9397646,1
076_frontal,076_frontal_rainy.jpg,012_frontal,0.11262047,0
076_frontal,076_frontal_noisy.jpg,076_frontal,0.9703604,1
076_frontal,076_frontal_lowlight.jpg,076_frontal,0.95201576,1
076_frontal,076_frontal_foggy.jpg,076_frontal,0.93833804,1
076_frontal,076_frontal_blurred.jpg,076_frontal,0.9918227,1
075_frontal,075_frontal_resized.jpg,075_frontal,0.9983926,1
075_frontal,075_frontal_rainy.jpg,075_frontal,0.9265388,1
075_frontal,075_frontal_noisy.jpg,075_frontal,0.96255887,1
075_frontal,075_frontal_noisy.jpg,071_frontal,0.38619375,0
075_frontal,075_frontal_lowlight.jpg,075_frontal,0.97735405,1
075_frontal,075_frontal_foggy.jpg,075_frontal,0.94917417,1
075_frontal,075_frontal_foggy.jpg,113_frontal,0.1298685,0
075_frontal,075_frontal_blurred.jpg,075_frontal,0.9970957,1
072_frontal,072_frontal_resized.jpg,072_frontal,0.99815345,1
072_frontal,072_frontal_rainy.jpg,072_frontal,0.91037667,1
072_frontal,072_frontal_noisy.jpg,072_frontal,0.949566,1
072_frontal,072_frontal_noisy.jpg,057_frontal,0.29352954,0
072_frontal,072_frontal_lowlight.jpg,072_frontal,0.960171,1
072_frontal,072_frontal_foggy.jpg,072_frontal,0.9696335,1
072_frontal,072_frontal_blurred.jpg,072_frontal,0.997774,1
072_frontal,072_frontal_blurred.jpg,031_frontal,0.23134562,0
071_frontal,071_frontal_resized.jpg,071_frontal,0.99816376,1
071_frontal,071_frontal_resized.jpg,056_frontal,-0.10470515,0
071_frontal,071_frontal_rainy.jpg,071_frontal,0.9143821,1
071_frontal,071_frontal_rainy.jpg,095_frontal,-0.14670137,0
071_frontal,071_frontal_noisy.jpg,071_frontal,0.96730244,1
071_frontal,071_frontal_lowlight.jpg,071_frontal,0.9528066,1
071_frontal,071_frontal_foggy.jpg,071_frontal,0.9564239,1
071_frontal,071_frontal_blurred.jpg,071_frontal,0.9964757,1
068_frontal,068_frontal_resized.jpg,068_frontal,0.99480796,1
068_frontal,068_frontal_rainy.jpg,068_frontal,0.91892016,1
068_frontal,068_frontal_noisy.jpg,068_frontal,0.9675595,1
068_frontal,068_frontal_lowlight.jpg,068_frontal,0.95095706,1
068_frontal,068_frontal_foggy.jpg,068_frontal,0.96764326,1
068_frontal,068_frontal_foggy.jpg,014_frontal,0.15806106,0
068_frontal,068_frontal_blurred.jpg,068_frontal,0.99535966,1
068_frontal,068_frontal_blurred.jpg,035_frontal,0.43298998,0
067_frontal,067_frontal_resized.jpg,067_frontal,0.9880291,1
067_frontal,067_frontal_rainy.jpg,067_frontal,0.9337278,1
067_frontal,067_frontal_noisy.jpg,067_frontal,0.95631623,1
067_frontal,067_frontal_noisy.jpg,038_frontal,0.102993965,0
067_frontal,067_frontal_lowlight.jpg,067_frontal,0.97033286,1
067_frontal,067_frontal_foggy.jpg,067_frontal,0.94956934,1
067_frontal,067_frontal_blurred.jpg,067_frontal,0.9931125,1
066_frontal,066_frontal_resized.jpg,066_frontal,0.9970906,1
066_frontal,066_frontal_rainy.jpg,066_frontal,0.90680885,1
066_frontal,066_frontal_noisy.jpg,066_frontal,0.958411,1
066_frontal,066_frontal_lowlight.jpg,066_frontal,0.9790728,1
066_frontal,066_frontal_foggy.jpg,066_frontal,0.9593706,1
066_frontal,066_frontal_blurred.jpg,066_frontal,0.996706,1
066_frontal,066_frontal_blurred.jpg,063_frontal,-0.18600604,0
065_frontal,065_frontal_resized.jpg,065_frontal,0.99551344,1
065_frontal,065_frontal_rainy.jpg,065_frontal,0.933382,1
065_frontal,065_frontal_noisy.jpg,065_frontal,0.97385204,1
065_frontal,065_frontal_lowlight.jpg,065_frontal,0.9667831,1
065_frontal,065_frontal_foggy.jpg,065_frontal,0.9456875,1
065_frontal,065_frontal_blurred.jpg,065_frontal,0.99356514,1
065_frontal,065_frontal_blurred.jpg,103_frontal,0.08721929,0
064_frontal,064_frontal_resized.jpg,064_frontal,0.9970517,1
064_frontal,064_frontal_rainy.jpg,064_frontal,0.93911755,1
064_frontal,064_frontal_noisy.jpg,064_frontal,0.9731914,1
064_frontal,064_frontal_lowlight.jpg,064_frontal,0.9429964,1
064_frontal,064_frontal_foggy.jpg,064_frontal,0.9429057,1
064_frontal,064_frontal_blurred.jpg,064_frontal,0.99593556,1
063_frontal,063_frontal_resized.jpg,063_frontal,0.9950442,1
063_frontal,063_frontal_rainy.jpg,063_frontal,0.9317954,1
063_frontal,063_frontal_noisy.jpg,063_frontal,0.9475195,1
063_frontal,063_frontal_noisy.jpg,014_frontal,-0.077445805,0
063_frontal,063_frontal_lowlight.jpg,063_frontal,0.9615686,1
063_frontal,063_frontal_lowlight.jpg,011_frontal,0.21974656,0
063_frontal,063_frontal_foggy.jpg,063_frontal,0.9353713,1
063_frontal,063_frontal_blurred.jpg,063_frontal,0.99639547,1
062_frontal,062_frontal_resized.jpg,062_frontal,0.9923135,1
062_frontal,062_frontal_rainy.jpg,062_frontal,0.91449314,1
062_frontal,062_frontal_noisy.jpg,062_frontal,0.9580377,1
062_frontal,062_frontal_noisy.jpg,030_frontal,0.031064019,0
062_frontal,062_frontal_lowlight.jpg,062_frontal,0.9654871,1
062_frontal,062_frontal_lowlight.jpg,128_frontal,-0.090608075,0
062_frontal,062_frontal_foggy.jpg,062_frontal,0.9564525,1
062_frontal,062_frontal_blurred.jpg,062_frontal,0.99608076,1
060_frontal,060_frontal_resized.jpg,060_frontal,0.9982118,1
060_frontal,060_frontal_rainy.jpg,060_frontal,0.88708806,1
060_frontal,060_frontal_noisy.jpg,060_frontal,0.9432002,1
060_frontal,060_frontal_lowlight.jpg,060_frontal,0.97329307,1
060_frontal,060_frontal_foggy.jpg,060_frontal,0.9668322,1
060_frontal,060_frontal_blurred.jpg,060_frontal,0.99663043,1
059_frontal,059_frontal_resized.jpg,059_frontal,0.99548036,1
059_frontal,059_frontal_rainy.jpg,059_frontal,0.8727424,1
059_frontal,059_frontal_noisy.jpg,059_frontal,0.914885,1
059_frontal,059_frontal_lowlight.jpg,059_frontal,0.9319169,1
059_frontal,059_frontal_foggy.jpg,059_frontal,0.9085452,1
059_frontal,059_frontal_blurred.jpg,059_frontal,0.99160683,1
059_frontal,059_frontal_blurred.jpg,022_frontal,0.28083462,0
057_frontal,057_frontal_resized.jpg,057_frontal,0.99731874,1
057_frontal,057_frontal_rainy.jpg,057_frontal,0.9549699,1
057_frontal,057_frontal_rainy.jpg,047_frontal,0.0793773,0
057_frontal,057_frontal_rainy.jpg,113_frontal,0.27696645,0
057_frontal,057_frontal_noisy.jpg,057_frontal,0.9760869,1
057_frontal,057_frontal_lowlight.jpg,057_frontal,0.96906453,1
057_frontal,057_frontal_lowlight.jpg,019_frontal,0.04507104,0
057_frontal,057_frontal_foggy.jpg,057_frontal,0.9724094,1
057_frontal,057_frontal_blurred.jpg,057_frontal,0.99817014,1
057_frontal,057_frontal_blurred.jpg,056_frontal,0.3163232,0
056_frontal,056_frontal_resized.jpg,056_frontal,0.99852663,1
056_frontal,056_frontal_rainy.jpg,056_frontal,0.84746844,1
056_frontal,056_frontal_rainy.jpg,059_frontal,0.1628087,0
056_frontal,056_frontal_noisy.jpg,056_frontal,0.92960435,1
056_frontal,056_frontal_noisy.jpg,115_frontal,-0.04018669,0
056_frontal,056_frontal_lowlight.jpg,056_frontal,0.91463697,1
056_frontal,056_frontal_foggy.jpg,056_frontal,0.92690957,1
056_frontal,056_frontal_foggy.jpg,099_frontal,-0.04346826,0
056_frontal,056_frontal_blurred.jpg,056_frontal,0.98675126,1
055_frontal,055_frontal_resized.jpg,055_frontal,0.99744827,1
055_frontal,055_frontal_rainy.jpg,055_frontal,0.811073,1
055_frontal,055_frontal_noisy.jpg,055_frontal,0.92070764,1
055_frontal,055_frontal_lowlight.jpg,055_frontal,0.91762066,1
055_frontal,055_frontal_foggy.jpg,055_frontal,0.90529287,1
055_frontal,055_frontal_blurred.jpg,055_frontal,0.996383,1
055_frontal,055_frontal_blurred.jpg,122_frontal,0.36018625,0
054_frontal,054_frontal_resized.jpg,054_frontal,0.99748254,1
054_frontal,054_frontal_resized.jpg,115_frontal,0.10295136,0
054_frontal,054_frontal_rainy.jpg,054_frontal,0.93048435,1
054_frontal,054_frontal_noisy.jpg,054_frontal,0.96895474,1
054_frontal,054_frontal_lowlight.jpg,054_frontal,0.9498082,1
054_frontal,054_frontal_lowlight.jpg,015_frontal,-0.2237946,0
054_frontal,054_frontal_foggy.jpg,054_frontal,0.9423382,1
054_frontal,054_frontal_foggy.jpg,027_frontal,-0.15458187,0
054_frontal,054_frontal_blurred.jpg,054_frontal,0.9945086,1
053_frontal,053_frontal_sunny.jpg,053_frontal,0.079160154,1
053_frontal,053_frontal_sunny.jpg,089_frontal,0.08881859,0
053_frontal,053_frontal_resized.jpg,053_frontal,0.99378765,1
053_frontal,053_frontal_rainy.jpg,053_frontal,0.8804102,1
053_frontal,053_frontal_noisy.jpg,053_frontal,0.92783535,1
053_frontal,053_frontal_lowlight.jpg,053_frontal,0.9420603,1
053_frontal,053_frontal_foggy.jpg,053_frontal,0.9205191,1
053_frontal,053_frontal_blurred.jpg,053_frontal,0.99385357,1
051_frontal,051_frontal_resized.jpg,051_frontal,0.9973333,1
051_frontal,051_frontal_rainy.jpg,051_frontal,0.90092707,1
051_frontal,051_frontal_noisy.jpg,051_frontal,0.97480685,1
051_frontal,051_frontal_lowlight.jpg,051_frontal,0.95557976,1
051_frontal,051_frontal_lowlight.jpg,055_frontal,-0.0491924,0
051_frontal,051_frontal_foggy.jpg,051_frontal,0.9516218,1
051_frontal,051_frontal_blurred.jpg,051_frontal,0.9958568,1
048_frontal,048_frontal_resized.jpg,048_frontal,0.9974117,1
048_frontal,048_frontal_resized.jpg,125_frontal,4.5530032e-05,0
048_frontal,048_frontal_rainy.jpg,048_frontal,0.85011756,1
048_frontal,048_frontal_noisy.jpg,048_frontal,0.9159814,1
048_frontal,048_frontal_lowlight.jpg,048_frontal,0.9727119,1
048_frontal,048_frontal_foggy.jpg,048_frontal,0.956263,1
048_frontal,048_frontal_blurred.jpg,048_frontal,0.99622095,1
047_frontal,047_frontal_resized.jpg,047_frontal,0.99666995,1
047_frontal,047_frontal_rainy.jpg,047_frontal,0.86780274,1
047_frontal,047_frontal_noisy.jpg,047_frontal,0.8760013,1
047_frontal,047_frontal_lowlight.jpg,047_frontal,0.9542085,1
047_frontal,047_frontal_lowlight.jpg,051_frontal,0.20009801,0
047_frontal,047_frontal_foggy.jpg,047_frontal,0.89246213,1
047_frontal,047_frontal_blurred.jpg,047_frontal,0.9966731,1
047_frontal,047_frontal_blurred.jpg,071_frontal,0.25246727,0
045_frontal,045_frontal_resized.jpg,045_frontal,0.9954607,1
045_frontal,045_frontal_resized.jpg,095_frontal,0.20423466,0
045_frontal,045_frontal_rainy.jpg,045_frontal,0.86281097,1
045_frontal,045_frontal_noisy.jpg,045_frontal,0.95453835,1
045_frontal,045_frontal_lowlight.jpg,045_frontal,0.9677892,1
045_frontal,045_frontal_foggy.jpg,045_frontal,0.9601096,1
045_frontal,045_frontal_blurred.jpg,045_frontal,0.9968306,1
044_frontal,044_frontal_resized.jpg,044_frontal,0.99737144,1
044_frontal,044_frontal_rainy.jpg,044_frontal,0.8755069,1
044_frontal,044_frontal_noisy.jpg,044_frontal,0.92646,1
044_frontal,044_frontal_lowlight.jpg,044_frontal,0.94516134,1
044_frontal,044_frontal_foggy.jpg,044_frontal,0.9260037,1
044_frontal,044_frontal_foggy.jpg,081_frontal,0.13136986,0
044_frontal,044_frontal_blurred.jpg,044_frontal,0.9963811,1
044_frontal,044_frontal_blurred.jpg,008_frontal,-0.16537522,0
043_frontal,043_frontal_resized.jpg,043_frontal,0.9950321,1
043_frontal,043_frontal_rainy.jpg,043_frontal,0.86867106,1
043_frontal,043_frontal_rainy.jpg,118_frontal,0.33810347,0
043_frontal,043_frontal_noisy.jpg,043_frontal,0.93353903,1
043_frontal,043_frontal_lowlight.jpg,043_frontal,0.9546022,1
043_frontal,043_frontal_foggy.jpg,043_frontal,0.93881106,1
043_frontal,043_frontal_blurred.jpg,043_frontal,0.995312,1
042_frontal,042_frontal_resized.jpg,042_frontal,0.99652815,1
042_frontal,042_frontal_rainy.jpg,042_frontal,0.9039662,1
042_frontal,042_frontal_noisy.jpg,042_frontal,0.9511012,1
042_frontal,042_frontal_noisy.jpg,096_frontal,0.41043997,0
042_frontal,042_frontal_lowlight.jpg,042_frontal,0.93772745,1
042_frontal,042_frontal_foggy.jpg,042_frontal,0.9355241,1
042_frontal,042_frontal_blurred.jpg,042_frontal,0.99682456,1
039_frontal,039_frontal_resized.jpg,039_frontal,0.9931345,1
039_frontal,039_frontal_rainy.jpg,039_frontal,0.87362695,1
039_frontal,039_frontal_noisy.jpg,039_frontal,0.96156585,1
039_frontal,039_frontal_lowlight.jpg,039_frontal,0.96875274,1
039_frontal,039_frontal_lowlight.jpg,012_frontal,0.19348225,0
039_frontal,039_frontal_foggy.jpg,039_frontal,0.9568137,1
039_frontal,039_frontal_foggy.jpg,099_frontal,-0.009413208,0
039_frontal,039_frontal_blurred.jpg,039_frontal,0.9960753,1
038_frontal,038_frontal_resized.jpg,038_frontal,0.998252,1
038_frontal,038_frontal_rainy.jpg,038_frontal,0.9483345,1
038_frontal,038_frontal_noisy.jpg,038_frontal,0.98209935,1
038_frontal,038_frontal_lowlight.jpg,038_frontal,0.9634226,1
038_frontal,038_frontal_lowlight.jpg,114_frontal,-0.08522268,0
038_frontal,038_frontal_foggy.jpg,038_frontal,0.9393222,1
038_frontal,038_frontal_foggy.jpg,081_frontal,0.25859368,0
038_frontal,038_frontal_blurred.jpg,038_frontal,0.9930399,1
036_frontal,036_frontal_resized.jpg,036_frontal,0.9966712,1
036_frontal,036_frontal_rainy.jpg,036_frontal,0.9016901,1
036_frontal,036_frontal_rainy.jpg,048_frontal,0.11753218,0
036_frontal,036_frontal_noisy.jpg,036_frontal,0.94377196,1
036_frontal,036_frontal_lowlight.jpg,036_frontal,0.9659382,1
036_frontal,036_frontal_lowlight.jpg,102_frontal,-0.0029183812,0
036_frontal,036_frontal_foggy.jpg,036_frontal,0.9639378,1
036_frontal,036_frontal_foggy.jpg,096_frontal,0.10823246,0
036_frontal,036_frontal_blurred.jpg,036_frontal,0.9941368,1
035_frontal,035_frontal_sunny.jpg,035_frontal,0.6198858,1
035_frontal,035_frontal_sunny.jpg,043_frontal,0.2240487,0
035_frontal,035_frontal_resized.jpg,035_frontal,0.9957982,1
035_frontal,035_frontal_resized.jpg,014_frontal,-0.045646857,0
035_frontal,035_frontal_rainy.jpg,035_frontal,0.8687395,1
035_frontal,035_frontal_rainy.jpg,047_frontal,0.025766402,0
035_frontal,035_frontal_noisy.jpg,035_frontal,0.9473059,1
035_frontal,035_frontal_lowlight.jpg,035_frontal,0.97537297,1
035_frontal,035_frontal_foggy.jpg,035_frontal,0.93649125,1
035_frontal,035_frontal_foggy.jpg,121_frontal,-0.20145935,0
035_frontal,035_frontal_blurred.jpg,035_frontal,0.99340487,1
032_frontal,032_frontal_sunny.jpg,032_frontal,0.76040626,1
032_frontal,032_frontal_resized.jpg,032_frontal,0.99857235,1
032_frontal,032_frontal_resized.jpg,036_frontal,0.062445924,0
032_frontal,032_frontal_rainy.jpg,032_frontal,0.92322904,1
032_frontal,032_frontal_noisy.jpg,032_frontal,0.9739473,1
032_frontal,032_frontal_lowlight.jpg,032_frontal,0.9686272,1
032_frontal,032_frontal_foggy.jpg,032_frontal,0.94513535,1
032_frontal,032_frontal_foggy.jpg,051_frontal,0.10640542,0
032_frontal,032_frontal_blurred.jpg,032_frontal,0.9967092,1
031_frontal,031_frontal_sunny.jpg,031_frontal,0.5937269,1
031_frontal,031_frontal_sunny.jpg,109_frontal,-0.16013783,0
031_frontal,031_frontal_resized.jpg,031_frontal,0.9969647,1
031_frontal,031_frontal_rainy.jpg,031_frontal,0.7792481,1
031_frontal,031_frontal_noisy.jpg,031_frontal,0.91373086,1
031_frontal,031_frontal_lowlight.jpg,031_frontal,0.9628408,1
031_frontal,031_frontal_lowlight.jpg,076_frontal,-0.07787429,0
031_frontal,031_frontal_foggy.jpg,031_frontal,0.9062239,1
031_frontal,031_frontal_blurred.jpg,031_frontal,0.99307895,1
030_frontal,030_frontal_sunny.jpg,030_frontal,0.5892346,1
030_frontal,030_frontal_resized.jpg,030_frontal,0.99662435,1
030_frontal,030_frontal_rainy.jpg,030_frontal,0.9015368,1
030_frontal,030_frontal_rainy.jpg,002_frontal,0.07197924,0
030_frontal,030_frontal_noisy.jpg,030_frontal,0.94641924,1
030_frontal,030_frontal_lowlight.jpg,030_frontal,0.9655874,1
030_frontal,030_frontal_foggy.jpg,030_frontal,0.9297419,1
030_frontal,030_frontal_foggy.jpg,129_frontal,0.27721435,0
030_frontal,030_frontal_blurred.jpg,030_frontal,0.99828476,1
029_frontal,029_frontal_resized.jpg,029_frontal,0.9983454,1
029_frontal,029_frontal_rainy.jpg,029_frontal,0.9038167,1
029_frontal,029_frontal_noisy.jpg,029_frontal,0.95553356,1
029_frontal,029_frontal_lowlight.jpg,029_frontal,0.97773725,1
029_frontal,029_frontal_foggy.jpg,029_frontal,0.93243843,1
029_frontal,029_frontal_foggy.jpg,044_frontal,-0.04302548,0
029_frontal,029_frontal_blurred.jpg,029_frontal,0.9984266,1
028_frontal,028_frontal_resized.jpg,028_frontal,0.9977098,1
028_frontal,028_frontal_rainy.jpg,028_frontal,0.8187409,1
028_frontal,028_frontal_noisy.jpg,028_frontal,0.94352055,1
028_frontal,028_frontal_noisy.jpg,043_frontal,0.118842155,0
028_frontal,028_frontal_lowlight.jpg,028_frontal,0.96584105,1
028_frontal,028_frontal_foggy.jpg,028_frontal,0.9296323,1
028_frontal,028_frontal_foggy.jpg,066_frontal,0.19119768,0
028_frontal,028_frontal_blurred.jpg,028_frontal,0.99530995,1
027_frontal,027_frontal_resized.jpg,027_frontal,0.99637806,1
027_frontal,027_frontal_rainy.jpg,027_frontal,0.8703309,1
027_frontal,027_frontal_noisy.jpg,027_frontal,0.9551202,1
027_frontal,027_frontal_noisy.jpg,003_frontal,0.35507905,0
027_frontal,027_frontal_lowlight.jpg,027_frontal,0.96866,1
027_frontal,027_frontal_foggy.jpg,027_frontal,0.9210243,1
027_frontal,027_frontal_blurred.jpg,027_frontal,0.99699384,1
026_frontal,026_frontal_sunny.jpg,026_frontal,0.38873094,1
026_frontal,026_frontal_sunny.jpg,124_frontal,-0.02465304,0
026_frontal,026_frontal_resized.jpg,026_frontal,0.99852407,1
026_frontal,026_frontal_rainy.jpg,026_frontal,0.9285431,1
026_frontal,026_frontal_noisy.jpg,026_frontal,0.95895046,1
026_frontal,026_frontal_lowlight.jpg,026_frontal,0.9667119,1
026_frontal,026_frontal_foggy.jpg,026_frontal,0.9347788,1
026_frontal,026_frontal_blurred.jpg,026_frontal,0.9978905,1
025_frontal,025_frontal_sunny.jpg,025_frontal,0.7578393,1
025_frontal,025_frontal_resized.jpg,025_frontal,0.9937821,1
025_frontal,025_frontal_rainy.jpg,025_frontal,0.8595513,1
025_frontal,025_frontal_noisy.jpg,025_frontal,0.92652786,1
025_frontal,025_frontal_lowlight.jpg,025_frontal,0.9485998,1
025_frontal,025_frontal_foggy.jpg,025_frontal,0.8663205,1
025_frontal,025_frontal_blurred.jpg,025_frontal,0.9918752,1
022_frontal,022_frontal_sunny.jpg,022_frontal,0.79398704,1
022_frontal,022_frontal_sunny.jpg,110_frontal,0.2934477,0
022_frontal,022_frontal_sunny.jpg,010_frontal,0.24105144,0
022_frontal,022_frontal_resized.jpg,022_frontal,0.9991048,1
022_frontal,022_frontal_resized.jpg,102_frontal,-0.04934169,0
022_frontal,022_frontal_resized.jpg,122_frontal,-0.17149203,0
022_frontal,022_frontal_rainy.jpg,022_frontal,0.87894404,1
022_frontal,022_frontal_noisy.jpg,022_frontal,0.9599819,1
022_frontal,022_frontal_lowlight.jpg,022_frontal,0.9763644,1
022_frontal,022_frontal_foggy.jpg,022_frontal,0.94778055,1
022_frontal,022_frontal_blurred.jpg,022_frontal,0.99677706,1
021_frontal,021_frontal_sunny.jpg,021_frontal,0.5970458,1
021_frontal,021_frontal_resized.jpg,021_frontal,0.99163544,1
021_frontal,021_frontal_resized.jpg,022_frontal,-0.13328516,0
021_frontal,021_frontal_rainy.jpg,021_frontal,0.91696155,1
021_frontal,021_frontal_noisy.jpg,021_frontal,0.95522475,1
021_frontal,021_frontal_noisy.jpg,099_frontal,0.28597817,0
021_frontal,021_frontal_lowlight.jpg,021_frontal,0.9391111,1
021_frontal,021_frontal_lowlight.jpg,043_frontal,0.2215785,0
021_frontal,021_frontal_foggy.jpg,021_frontal,0.9160491,1
021_frontal,021_frontal_foggy.jpg,043_frontal,0.24738851,0
021_frontal,021_frontal_blurred.jpg,021_frontal,0.996626,1
021_frontal,021_frontal_blurred.jpg,005_frontal,0.06692865,0
020_frontal,020_frontal_sunny.jpg,020_frontal,0.7757469,1
020_frontal,020_frontal_sunny.jpg,086_frontal,-0.051446266,0
020_frontal,020_frontal_resized.jpg,020_frontal,0.9995041,1
020_frontal,020_frontal_rainy.jpg,020_frontal,0.86831224,1
020_frontal,020_frontal_noisy.jpg,020_frontal,0.97348565,1
020_frontal,020_frontal_lowlight.jpg,020_frontal,0.9368504,1
020_frontal,020_frontal_lowlight.jpg,016_frontal,0.0078096315,0
020_frontal,020_frontal_foggy.jpg,020_frontal,0.93730485,1
020_frontal,020_frontal_blurred.jpg,020_frontal,0.9986408,1
019_frontal,019_frontal_sunny.jpg,019_frontal,0.7176273,1
019_frontal,019_frontal_resized.jpg,019_frontal,0.9997015,1
019_frontal,019_frontal_rainy.jpg,019_frontal,0.8553114,1
019_frontal,019_frontal_noisy.jpg,019_frontal,0.95571935,1
019_frontal,019_frontal_lowlight.jpg,019_frontal,0.96191657,1
019_frontal,019_frontal_foggy.jpg,019_frontal,0.94541276,1
019_frontal,019_frontal_foggy.jpg,094_frontal,0.11157271,0
019_frontal,019_frontal_blurred.jpg,019_frontal,0.9941231,1
016_frontal,016_frontal_resized.jpg,016_frontal,0.9971477,1
016_frontal,016_frontal_rainy.jpg,016_frontal,0.91769314,1
016_frontal,016_frontal_noisy.jpg,016_frontal,0.96657646,1
016_frontal,016_frontal_lowlight.jpg,016_frontal,0.95037854,1
016_frontal,016_frontal_foggy.jpg,016_frontal,0.9253509,1
016_frontal,016_frontal_blurred.jpg,016_frontal,0.99347675,1
015_frontal,015_frontal_sunny.jpg,015_frontal,0.6096716,1
015_frontal,015_frontal_resized.jpg,015_frontal,0.9964301,1
015_frontal,015_frontal_rainy.jpg,015_frontal,0.8360462,1
015_frontal,015_frontal_noisy.jpg,015_frontal,0.8975475,1
015_frontal,015_frontal_lowlight.jpg,015_frontal,0.93339324,1
015_frontal,015_frontal_foggy.jpg,015_frontal,0.85422194,1
015_frontal,015_frontal_foggy.jpg,128_frontal,0.11692183,0
015_frontal,015_frontal_blurred.jpg,015_frontal,0.9902873,1
014_frontal,014_frontal_sunny.jpg,014_frontal,0.72457653,1
014_frontal,014_frontal_resized.jpg,014_frontal,0.99484193,1
014_frontal,014_frontal_rainy.jpg,014_frontal,0.87694424,1
014_frontal,014_frontal_noisy.jpg,014_frontal,0.9601363,1
014_frontal,014_frontal_lowlight.jpg,014_frontal,0.951171,1
014_frontal,014_frontal_foggy.jpg,014_frontal,0.91851646,1
014_frontal,014_frontal_blurred.jpg,014_frontal,0.99729216,1
013_frontal,013_frontal_resized.jpg,013_frontal,0.99829006,1
013_frontal,013_frontal_rainy.jpg,013_frontal,0.90352005,1
013_frontal,013_frontal_rainy.jpg,021_frontal,0.2195302,0
013_frontal,013_frontal_noisy.jpg,013_frontal,0.9690342,1
013_frontal,013_frontal_noisy.jpg,088_frontal,0.19290754,0
013_frontal,013_frontal_lowlight.jpg,013_frontal,0.9644029,1
013_frontal,013_frontal_lowlight.jpg,086_frontal,0.5077543,0
013_frontal,013_frontal_foggy.jpg,013_frontal,0.96609145,1
013_frontal,013_frontal_blurred.jpg,013_frontal,0.99531275,1
012_frontal,012_frontal_sunny.jpg,012_frontal,0.509453,1
012_frontal,012_frontal_resized.jpg,012_frontal,0.9955582,1
012_frontal,012_frontal_rainy.jpg,012_frontal,0.8318182,1
012_frontal,012_frontal_noisy.jpg,012_frontal,0.9410316,1
012_frontal,012_frontal_lowlight.jpg,012_frontal,0.96129084,1
012_frontal,012_frontal_foggy.jpg,012_frontal,0.8786512,1
012_frontal,012_frontal_foggy.jpg,055_frontal,0.18416893,0
012_frontal,012_frontal_blurred.jpg,012_frontal,0.9952402,1
012_frontal,012_frontal_blurred.jpg,066_frontal,0.19896434,0
011_frontal,011_frontal_sunny.jpg,011_frontal,0.5620746,1
011_frontal,011_frontal_sunny.jpg,106_frontal,0.12133919,0
011_frontal,011_frontal_resized.jpg,011_frontal,0.9992142,1
011_frontal,011_frontal_resized.jpg,021_frontal,-0.18747033,0
011_frontal,011_frontal_rainy.jpg,011_frontal,0.8416,1
011_frontal,011_frontal_noisy.jpg,011_frontal,0.9434538,1
011_frontal,011_frontal_lowlight.jpg,011_frontal,0.98215556,1
011_frontal,011_frontal_lowlight.jpg,114_frontal,0.290009,0
011_frontal,011_frontal_foggy.jpg,011_frontal,0.90964055,1
011_frontal,011_frontal_blurred.jpg,011_frontal,0.9987024,1
010_frontal,010_frontal_resized.jpg,010_frontal,0.99237543,1
010_frontal,010_frontal_rainy.jpg,010_frontal,0.9019962,1
010_frontal,010_frontal_noisy.jpg,010_frontal,0.9553629,1
010_frontal,010_frontal_lowlight.jpg,010_frontal,0.96502817,1
010_frontal,010_frontal_foggy.jpg,010_frontal,0.9119239,1
010_frontal,010_frontal_blurred.jpg,010_frontal,0.9856678,1
008_frontal,008_frontal_resized.jpg,008_frontal,0.9980464,1
008_frontal,008_frontal_rainy.jpg,008_frontal,0.89005,1
008_frontal,008_frontal_noisy.jpg,008_frontal,0.93345374,1
008_frontal,008_frontal_lowlight.jpg,008_frontal,0.9618963,1
008_frontal,008_frontal_foggy.jpg,008_frontal,0.9385322,1
008_frontal,008_frontal_foggy.jpg,029_frontal,0.25945604,0
008_frontal,008_frontal_blurred.jpg,008_frontal,0.9984416,1
008_frontal,008_frontal_blurred.jpg,119_frontal,0.06612878,0
007_frontal,007_frontal_resized.jpg,007_frontal,0.998313,1
007_frontal,007_frontal_rainy.jpg,007_frontal,0.8385924,1
007_frontal,007_frontal_rainy.jpg,082_frontal,0.24454674,0
007_frontal,007_frontal_noisy.jpg,007_frontal,0.9661962,1
007_frontal,007_frontal_lowlight.jpg,007_frontal,0.96140003,1
007_frontal,007_frontal_foggy.jpg,007_frontal,0.92910814,1
007_frontal,007_frontal_blurred.jpg,007_frontal,0.9935527,1
005_frontal,005_frontal_resized.jpg,005_frontal,0.99831223,1
005_frontal,005_frontal_rainy.jpg,005_frontal,0.8880395,1
005_frontal,005_frontal_noisy.jpg,005_frontal,0.9494548,1
005_frontal,005_frontal_lowlight.jpg,005_frontal,0.95569503,1
005_frontal,005_frontal_foggy.jpg,005_frontal,0.93426657,1
005_frontal,005_frontal_blurred.jpg,005_frontal,0.99564505,1
004_frontal,004_frontal_resized.jpg,004_frontal,0.9969367,1
004_frontal,004_frontal_rainy.jpg,004_frontal,0.8159333,1
004_frontal,004_frontal_noisy.jpg,004_frontal,0.9447963,1
004_frontal,004_frontal_lowlight.jpg,004_frontal,0.96045977,1
004_frontal,004_frontal_foggy.jpg,004_frontal,0.94135404,1
004_frontal,004_frontal_blurred.jpg,004_frontal,0.9965324,1
003_frontal,003_frontal_sunny.jpg,003_frontal,0.69518596,1
003_frontal,003_frontal_sunny.jpg,122_frontal,0.009760277,0
003_frontal,003_frontal_resized.jpg,003_frontal,0.9974862,1
003_frontal,003_frontal_resized.jpg,113_frontal,-0.015548997,0
003_frontal,003_frontal_rainy.jpg,003_frontal,0.9345682,1
003_frontal,003_frontal_rainy.jpg,019_frontal,0.12821017,0
003_frontal,003_frontal_noisy.jpg,003_frontal,0.9649837,1
003_frontal,003_frontal_lowlight.jpg,003_frontal,0.96116394,1
003_frontal,003_frontal_foggy.jpg,003_frontal,0.92436206,1
003_frontal,003_frontal_blurred.jpg,003_frontal,0.9967818,1
002_frontal,002_frontal_sunny.jpg,002_frontal,0.7045442,1
002_frontal,002_frontal_resized.jpg,002_frontal,0.9943019,1
002_frontal,002_frontal_resized.jpg,051_frontal,0.13409504,0
002_frontal,002_frontal_resized.jpg,110_frontal,0.068280384,0
002_frontal,002_frontal_rainy.jpg,002_frontal,0.8704227,1
002_frontal,002_frontal_noisy.jpg,002_frontal,0.9470345,1
002_frontal,002_frontal_lowlight.jpg,002_frontal,0.9396965,1
002_frontal,002_frontal_foggy.jpg,002_frontal,0.90938556,1
002_frontal,002_frontal_blurred.jpg,002_frontal,0.99850404,1
001_frontal,001_frontal_sunny.jpg,001_frontal,0.7964978,1
001_frontal,001_frontal_sunny.jpg,118_frontal,0.014408413,0
001_frontal,001_frontal_resized.jpg,001_frontal,0.9984032,1
001_frontal,001_frontal_rainy.jpg,001_frontal,0.90610844,1
001_frontal,001_frontal_noisy.jpg,001_frontal,0.9647971,1
001_frontal,001_frontal_lowlight.jpg,001_frontal,0.974372,1
001_frontal,001_frontal_foggy.jpg,001_frontal,0.9415294,1
001_frontal,001_frontal_blurred.jpg,001_frontal,0.99824995,1
